"Data da Última Modificação","Informação Retida","Base do Registro","Código da Instituição","Código da Coleção","Número de Catálogo","Localização na Coleção (Prateleira)","Localização na Coleção (Frasco)","Número de Catálogo Anterior","Item Relacionado ao Catálogo","Tipo de Relacionamento","Nome Científico Aceito","Nome Científico","Autor do Nome Científico","Reino","Filo","Classe","Ordem","Superfamília","Família","Subfamília","Gênero","Subgênero","Epíteto Específico","Epíteto Infraespecífico","Nível do Táxon","Status Taxonômico","Nome Original Usado","Nome Vulgar","Código Nomenclatural","Imprecisão","Determinado Por","Data da Determinação","Tipo Nomenclatural","Coletor","Número da Etiqueta de Campo","Número do Campo","Dia da Coleta","Mês da Coleta","Ano da Coleta","Hora/Intervalo do Evento","Data/Intervalo do Evento","Data Coleta Textual","Método de Coleta","Habitat","Observações do Evento","Anotações de Campo","Continente/Oceano","País","Código do País","Bacia Hidrográfica","Estado/Província/Região","Município","Sub-Região/Distrito","Localidade","Latitude","Longitude","Latitude Decimal","Longitude Decimal","Precisão da Coordenada (m)","Datum","Retângulo Envolvente","Altitude Mínima (m)","Altitude Máxima (m)","Corpo D'Água","Profundidade Mínima (m)","Profundidade Máxima (m)","Observações do Local","Tipo de Preparação","Número de Indivíduos","Sexo","Medidas","Fase da Vida","Condição Reprodutiva","Modo de Estabelecimento","Comportamento","Observações de Ocorrência","Disposição","Guia de remessa","Referências Associadas","Citação Bibliográfica","Nome do Conjunto de Dados","Mídia Associada","Sistema de Classificação","ID da Ocorrência","Identificações Anteriores"
"dcterms:modified","informationWithheld","basisOfRecord","institutionCode","collectionCode","catalogNumber","artificial","artificial","otherCatalogNumbers","associatedOccurrences","relationshipOfResource","acceptedNameUsage","scientificName","scientificNameAuthorship","kingdom","phylum","class","order","artificial","family","artificial","genus","subgenus","specificEpithet","infraspecificEpithet","taxonRank","taxonomicStatus","originalNameUsage","vernacularName","nomenclaturalCode","identificationQualifier","identifiedBy","dateIdentified","typeStatus","recordedBy","recordNumber","fieldNumber","day","month","year","eventTime","eventDate","verbatimEventDate","samplingProtocol","habitat","eventRemarks","fieldNotes","continent","country","countryCode","verbatimLocality","stateProvince","county","municipality","locality","verbatimLatitude","verbatimLongitude","decimalLatitude","decimalLongitude","coordinatePrecision","geodeticDatum","footprintWKT","minimumElevationInMeters","maximumElevationInMeters","waterBody","minimumDepthInMeters","maximumDepthInMeters","locationRemarks","preparations","individualCount","sex","measurementRemarks","lifeStage","reproductiveCondition","establishmentMeans","behavior","occurrenceRemarks","disposition","artificial","associatedReferences","dcterms:bibliographicCitation","datasetName","associatedMedia","nameAccordingTo","occurrenceID","previousIdentifications"
"2017-10-18","conferir número de indivíduos, identificação","PreservedSpecimen","UFMS","ZUFMS","ZUFMS-PLA00001","ARMINV 004 ZUFMS ÚMIDA","indeterminados; ZUFMS PARASITOS P001","nenhum","nenhum","nenhum","x","x","x","Animalia","Platyhelminthes","Trematoda","Strigeidida","Diplostomoidea","x","x","x","x","x","x","superfamília","aceito","x","x","ICZN","x","Campião, K.","x","voucher","Campião, K. et al.","AMP3013","x","03","02","2011","x","x","03.II.2011","x","x","x","x","América do Sul","Brasil","BRA","x","Mato Grosso do Sul","Corumbá","x","Fazenda Alegria","18°59'S","56°39'W","-18.983333","-56.650000","x","WGS84","x","x","x","x","x","x","x","lote de animais inteiros (ETOH 70%)",7,"x","x","x","x","x","x","parasita de Scinax nasicus (Amphibia: Hylidae)","em coleção","x","x","x","material estudado por Karla Campião","nenhuma","NCBI, 2017","br:UFMS:ZUFMS:ZUFMS-PLA00001","x"
"2017-10-18","nenhuma","PreservedSpecimen","UFMS","ZUFMS","ZUFMS-PLA00002","ARMINV 004 ZUFMS ÚMIDA","PLAF; ZUFMS PARASITOS P001","nenhum","nenhum","nenhum","Catadiscus sp.","Catadiscus","x","Animalia","Platyhelminthes","Trematoda","Plagiorchiida","Paramphistomoidea","Paramphistomidae","Paramphistominae","Catadiscus","x","x","x","gênero","aceito","x","x","ICZN","sp.","Campião, K.","x","voucher","Campião, K. et al.",15,"x","03","02","2011","x","x","03.II.2011","x","x","x","x","América do Sul","Brasil","BRA","x","Mato Grosso do Sul","Corumbá","x","Fazenda Alegria","18°59'S","56°39'W","-18.983333","-56.650000","x","WGS84","x","x","x","x","x","x","x","lote de animais inteiros (ETOH 70%)",3,"x","x","x","x","x","x","parasita de Pseudis paradoxa (Amphibia: Hylidae)","em coleção","x","x","x","material estudado por Karla Campião","nenhuma","NCBI, 2017","br:UFMS:ZUFMS:ZUFMS-PLA00002","x"
"2017-10-18","conferir número de indivíduos, nome científico","PreservedSpecimen","UFMS","ZUFMS","ZUFMS-PLA00003","ARMINV 004 ZUFMS ÚMIDA","PLAA; ZUFMS PARASITOS P001","nenhum","nenhum","nenhum","Neascus sp.","Neascus","x","Animalia","Platyhelminthes","Trematoda","Strigeidida","Diplostomoidea","Diplostomatidae","Crassiphialinae","Neascus","x","x","x","gênero","aceito","x","x","ICZN","sp.","Campião, K.","x","voucher","Campião, K. et al.",50,"x","03","02","2011","x","x","03.II.2011","x","x","x","metacercária do tipo Neascus","América do Sul","Brasil","BRA","x","Mato Grosso do Sul","Corumbá","x","Fazenda Alegria","18°59'S","56°39'W","-18.983333","-56.650000","x","WGS84","x","x","x","x","x","x","x","lote de animais inteiros (ETOH 70%)",7,"x","x","metacercária","x","x","x","parasita de Leptodactylus chaquensis (Amphibia: Leptodactylidae)","em coleção","x","x","x","material estudado por Karla Campião","nenhuma","NCBI, 2017","br:UFMS:ZUFMS:ZUFMS-PLA00003","x"
"2017-10-18","nenhuma","PreservedSpecimen","UFMS","ZUFMS","ZUFMS-PLA00004","ARMINV 004 ZUFMS ÚMIDA","PLAB; ZUFMS PARASITOS P001","nenhum","nenhum","nenhum","Glypthelmins palmipedis (Lutz, 1928)","Glypthelmins palmipedis","(Lutz, 1928)","Animalia","Platyhelminthes","Trematoda","Plagiorchiida","Plagiorchioidea","Plagiorchiidae","Plagiorchiinae","Glypthelmins","x","palmipedis","x","espécie","aceito","x","x","ICZN","x","Campião, K.","x","voucher","Campião, K. et al.",13,"x","03","02","2011","x","x","03.II.2011","x","x","x","x","América do Sul","Brasil","BRA","x","Mato Grosso do Sul","Corumbá","x","Fazenda Alegria","18°59'S","56°39'W","-18.983333","-56.650000","x","WGS84","x","x","x","x","x","x","x","lote de animais inteiros (ETOH 70%)",2,"x","x","x","x","x","x","parasita de Pseudis paradoxa (Amphibia: Hylidae)","em coleção","x","x","x","material estudado por Karla Campião","nenhuma","NCBI, 2017","br:UFMS:ZUFMS:ZUFMS-PLA00004","x"
"2017-10-18","conferir número de indivíduos, nome científico","PreservedSpecimen","UFMS","ZUFMS","ZUFMS-PLA00005","ARMINV 004 ZUFMS ÚMIDA","PLAC; ZUFMS PARASITOS P001","nenhum","nenhum","nenhum","Diplostomulum sp.","Diplostomulum","x","Animalia","Platyhelminthes","Trematoda","Strigeidida","Diplostomoidea","Diplostomatidae","Diplostominae","Diplostomulum","x","x","x","gênero","aceito","x","x","ICZN","sp.","Campião, K.","x","voucher","Campião, K. et al.",69,"x","03","02","2011","x","x","03.II.2011","x","x","x","x","América do Sul","Brasil","BRA","x","Mato Grosso do Sul","Corumbá","x","Fazenda Alegria","18°59'S","56°39'W","-18.983333","-56.650000","x","WGS84","x","x","x","x","x","x","x","lote de animais inteiros (ETOH 70%)",16,"x","x","x","x","x","x","parasita de Leptodactylus podicipinus (Amphibia: Leptodactylidae)","em coleção","x","x","x","material estudado por Karla Campião","nenhuma","NCBI, 2017","br:UFMS:ZUFMS:ZUFMS-PLA00005","x"
"2017-10-18","nenhuma","PreservedSpecimen","UFMS","ZUFMS","ZUFMS-PLA00006","ARMINV 004 ZUFMS ÚMIDA","PLAD; ZUFMS PARASITOS P001","nenhum","nenhum","nenhum","Mesocoelium monas (Rudolphi, 1819)","Mesocoelium monas","(Rudolphi, 1819)","Animalia","Platyhelminthes","Trematoda","Plagiorchiida","Plagiorchioidea","Brachycoeliidae","Brachycoeliinae","Mesocoelium","x","monas","x","espécie","aceito","x","x","ICZN","x","Silva, I. C. O. ","2016","voucher","Silva, I. C. O. ","x","x","11","02","2016","08:00:00","x","11.II.2016","necropsia","Cerrado","x","x","América do Sul","Brasil","BRA","x","Mato Grosso do Sul","Bonito","x","Estância Mimosa Ecoturismo","20°58'49""S","56°30'32""W","-20.980278","-56.508889",10,"WGS84","x",300,443,"x","1,5",2,"água corrente","animal inteiro (ETOH 70%)",1,"hermafrodita","x","adulto","x","x","x","parasita de Scinax fuscovarius (Amphibia: Hylidae)","em coleção","x","x","x","material estudado por Isabela Caroline Oliveira da Silva","nenhuma","NCBI, 2017","br:UFMS:ZUFMS:ZUFMS-PLA00006","x"
"2017-10-18","nenhuma","PreservedSpecimen","UFMS","ZUFMS","ZUFMS-PLA00007","ARMINV 004 ZUFMS ÚMIDA","PLAE; ZUFMS PARASITOS P001","nenhum","nenhum","nenhum","Neascus sp.","Neascus","x","Animalia","Platyhelminthes","Trematoda","Strigeidida","Diplostomoidea","Diplostomatidae","Crassiphialinae","Neascus","x","x","x","gênero","aceito","x","x","ICZN","sp.","Silva, I. C. O. ","2016","voucher","Silva, I. C. O. ","x","x","11","02","2016","08:00:00","x","11.II.2016","necropsia","Cerrado","x","x","América do Sul","Brasil","BRA","x","Mato Grosso do Sul","Bonito","x","Estância Mimosa Ecoturismo","20°58'49""S","56°30'32""W","-20.980278","-56.508889",10,"WGS84","x",300,443,"x","1,5",2,"água corrente","lote de animais inteiros (ETOH 70%)",2,"x","x","juvenil","x","x","x","parasita de Scinax fuscovarius (Amphibia: Hylidae)","em coleção","x","x","x","material estudado por Isabela Caroline Oliveira da Silva","nenhuma","NCBI, 2017","br:UFMS:ZUFMS:ZUFMS-PLA00007","x"
"2017-10-18","nenhuma","PreservedSpecimen","UFMS","ZUFMS","ZUFMS-PLA00008","ARMINV 004 ZUFMS ÚMIDA","Indeterminados; ZUFMS PARASITOS P001","nenhum","nenhum","nenhum","x","x","x","Animalia","Platyhelminthes","Cestoda","Proteocephalidea","x","x","x","x","x","x","x","ordem","aceito","x","x","ICZN","x","Silva, I. C. O. ","2016","voucher","Silva, I. C. O. ","x","x","11","02","2016","08:00:00","x","11.II.2016","necropsia","Cerrado","x","x","América do Sul","Brasil","BRA","x","Mato Grosso do Sul","Bonito","x","Estância Mimosa Ecoturismo","20°58'49""S","56°30'32""W","-20.980278","-56.508889",10,"WGS84","x",300,443,"x","1,5",2,"água corrente","animal inteiro (ETOH 70%)",1,"x","x","juvenil","x","x","x","parasita de Scinax fuscovarius (Amphibia: Hylidae)","em coleção","x","x","x","material estudado por Isabela Caroline Oliveira da Silva","nenhuma","NCBI, 2017","br:UFMS:ZUFMS:ZUFMS-PLA00008","x"
"2017-10-18","nenhuma","PreservedSpecimen","UFMS","ZUFMS","ZUFMS-PLA00009","ARMINV 004 ZUFMS ÚMIDA","PLAF; ZUFMS PARASITOS P001","nenhum","nenhum","nenhum","Catadiscus sp.","Catadiscus","x","Animalia","Platyhelminthes","Trematoda","Plagiorchiida","Paramphistomoidea","Paramphistomidae","Paramphistominae","Catadiscus","x","x","x","gênero","aceito","x","x","ICZN","x","Silva, I. C. O. ","2016","voucher","Silva, I. C. O. ","x","x","17","02","2012","08:00:00","x","17.II.2012","necropsia","Pantanal","x","x","América do Sul","Brasil","BRA","x","Mato Grosso do Sul","Corumbá","x","Fazenda Alegria","18°59'S","56°39'W","-18.983333","-56.650000","x","WGS84","x",89,106,"x","x","x","x","animal inteiro (ETOH 70%)",1,"hermafrodita","x","adulto","x","x","x","nenhuma","em coleção","x","x","x","material estudado por Isabela Caroline Oliveira da Silva","nenhuma","NCBI, 2017","br:UFMS:ZUFMS:ZUFMS-PLA00009","x"
"2017-10-18","nenhuma","PreservedSpecimen","UFMS","ZUFMS","ZUFMS-PLA00010","ARMINV 004 ZUFMS ÚMIDA","PLAG; ZUFMS PARASITOS P001","nenhum","nenhum","nenhum","Diplostomum sp.","Diplostomum","x","Animalia","Platyhelminthes","Trematoda","Strigeidida","Diplostomoidea","Diplostomatidae","Diplostominae","Diplostomum","x","x","x","gênero","aceito","x","x","ICZN","x","Silva, I. C. O. ","2016","voucher","Silva, I. C. O. ","x","x","17","02","2012","08:00:00","x","17.II.2012","necropsia","Pantanal","x","x","América do Sul","Brasil","BRA","x","Mato Grosso do Sul","Corumbá","x","Fazenda Alegria","18°59'S","56°39'W","-18.983333","-56.650000","x","WGS84","x",89,106,"x","x","x","x","animal inteiro (ETOH 70%)",1,"x","x","juvenil","x","x","x","nenhuma","em coleção","x","x","x","material estudado por Isabela Caroline Oliveira da Silva","nenhuma","NCBI, 2017","br:UFMS:ZUFMS:ZUFMS-PLA00010","x"
"2017-10-18","nenhuma","PreservedSpecimen","UFMS","ZUFMS","ZUFMS-PLA00011","ARMINV 004 ZUFMS ÚMIDA","PLAB; ZUFMS PARASITOS P001","nenhum","nenhum","nenhum","Glypthelmins palmipedis (Lutz, 1928)","Glypthelmins palmipedis","(Lutz, 1928)","Animalia","Platyhelminthes","Trematoda","Plagiorchiida","Plagiorchioidea","Plagiorchiidae","Plagiorchiinae","Glypthelmins","x","palmipedis","x","espécie","aceito","x","x","ICZN","x","Silva, I. C. O. ","2016","voucher","Silva, I. C. O. ","x","x","17","02","2012","08:00:00","x","17.II.2012","necropsia","Pantanal","x","x","América do Sul","Brasil","BRA","x","Mato Grosso do Sul","Corumbá","x","Fazenda Alegria","18°59'S","56°39'W","-18.983333","-56.650000","x","WGS84","x",89,106,"x","x","x","x","animal inteiro (ETOH 70%)",1,"hermafrodita","x","adulto","x","x","x","nenhuma","em coleção","x","x","x","material estudado por Isabela Caroline Oliveira da Silva","nenhuma","NCBI, 2017","br:UFMS:ZUFMS:ZUFMS-PLA00011","x"
"2017-10-18","nenhuma","PreservedSpecimen","UFMS","ZUFMS","ZUFMS-PLA00012","ARMINV 004 ZUFMS ÚMIDA","indeterminados; ZUFMS PARASITOS P001","nenhum","nenhum","nenhum","x","x","x","Animalia","Platyhelminthes","Cestoda","Proteocephalidea","x","x","x","x","x","x","x","ordem","aceito","x","x","ICZN","x","Silva, I. C. O. ","2016","voucher","Silva, I. C. O. ","x","x","17","02","2012","08:00:00","x","17.II.2012","necropsia","Pantanal","x","x","América do Sul","Brasil","BRA","x","Mato Grosso do Sul","Corumbá","x","Fazenda Alegria","18°59'S","56°39'W","-18.983333","-56.650000","x","WGS84","x",89,106,"x","x","x","x","animal inteiro (lâmina)",1,"x","x","juvenil","x","x","x","nenhuma","em coleção","x","x","x","material estudado por Isabela Caroline Oliveira da Silva","nenhuma","NCBI, 2017","br:UFMS:ZUFMS:ZUFMS-PLA00012","x"
"2017-10-18","nenhuma","PreservedSpecimen","UFMS","ZUFMS","ZUFMS-PLA00013","ARMINV 004 ZUFMS ÚMIDA","ZUFMS PARASITOS P001; LAM002-7","nenhum","nenhum","nenhum","Glypthelmins palmipedis (Lutz, 1928)","Glypthelmins palmipedis","(Lutz, 1928)","Animalia","Platyhelminthes","Trematoda","Plagiorchiida","Plagiorchioidea","Plagiorchiidae","Plagiorchiinae","Glypthelmins","x","palmipedis","x","espécie","aceito","x","x","ICZN","x","Silva, I. C. O. ",2016,"voucher","Silva, I. C. O. ","3","x","14","5","2016","08:00:00","x","14.V.2016","necropsia","Cerrado","x","x","América do Sul","Brasil","BRA","x","Mato Grosso do Sul","Bonito","x","Rodovia Bonito-Três Morros Km 0","21°02'44.5""S","56°36'31.4""W","-21.045698","-56.608726",10,"WGS84","x",300,443,"x","x","x","x","animal inteiro (ETOH 70%)",1,"hermafrodita","x","adulto","x","x","x","parasita de Odontophrynus americanus (Amphibia: Odontophrynidae)  ","em coleção","x","x","x","material estudado por Isabela Caroline Oliveira da Silva","nenhuma","NCBI, 2018","br:UFMS:ZUFMS:ZUFMS-PLA00013","x"
"2017-10-20","nenhuma","PreservedSpecimen","UFMS","ZUFMS","ZUFMS-PLA00014","ARMINV 004 ZUFMS ÚMIDA","ZUFMS PARASITOS P001; LAM002-8","nenhum","nenhum","nenhum","Floriceps sp.","Floriceps","x","Animalia","Platyhelminthes","Cestoda","Trypanorhyncha","Lacistorhynchoidea","Lacistorhynchidae","Lacistorhynchinae","Floriceps","x","x","x","gênero","aceito","x","x","ICZN","sp.","Alves, A. M.","x","x","Alves, A. M.","LS20","x","x","x","2015","x","x",2015,"necropsia","x","x","x","América do Sul","Brasil","BRA","x","Sergipe","Aracaju","x","x","10°54'17""S","37°02'56""W","-10.904722","-37.048889","x","WGS84","x","x","x","x","x","x","x","animal inteiro (lâmina em bálsamo do Canadá)",1,"hermafrodita","x","larva","x","x","x","parasito de Lutianus synagris (Linnaeus, 1758) (Perciformes: Lutjanidae) ","em coleção","x","x","x","material estudado por André Mota Alves","nenhuma","GBIF, 2017","br:UFMS:ZUFMS:ZUFMS-PLA00014","x"
"2017-10-20","nenhuma","PreservedSpecimen","UFMS","ZUFMS","ZUFMS-PLA00015","ARMINV 004 ZUFMS ÚMIDA","ZUFMS PARASITOS P001; LAM002-9","nenhum","nenhum","nenhum","Pseudogrillotia sp.","Pseudogrillotia","x","Animalia","Platyhelminthes","Cestoda","Trypanorhyncha","Lacistorhynchoidea","Pseudogrillotiidae","Pseudogrillotiinae","Pseudogrillotia","x","x","x","gênero","aceito","x","x","ICZN","sp.","Alves, A. M.","x","x","Alves, A. M.","LS20","x","x","x","2015","x","x",2015,"necropsia","x","x","x","América do Sul","Brasil","BRA","x","Sergipe","Aracaju","x","x","10°54'17""S","37°02'56""W","-10.904722","-37.048889","x","WGS84","x","x","x","x","x","x","x","animal inteiro (lâmina em bálsamo do Canadá)",1,"hermafrodita","x","larva","x","x","x","parasito de Lutianus synagris (Linnaeus, 1758) (Perciformes: Lutjanidae) ","em coleção","x","x","x","material estudado por André Mota Alves","nenhuma","GBIF, 2017","br:UFMS:ZUFMS:ZUFMS-PLA00015","x"
"2017-10-20","nenhuma","PreservedSpecimen","UFMS","ZUFMS","ZUFMS-PLA00016","ARMINV 004 ZUFMS ÚMIDA","ZUFMS PARASITOS P001; LAM002-10","nenhum","nenhum","nenhum","Oncomegas sp.","Oncomegas","x","Animalia","Platyhelminthes","Cestoda","Trypanorhyncha","Eutetrarhynchoidea","Eutetrarhynchidae","Eutetrarhynchinae","Oncomegas","x","x","x","gênero","aceito","x","x","ICZN","sp.","Alves, A. M.","x","x","Alves, A. M.","x","x","x","x","2015","x","x",2015,"necropsia","x","x","x","América do Sul","Brasil","BRA","x","Sergipe","Aracaju","x","x","10°54'17""S","37°02'56""W","-10.904722","-37.048889","x","WGS84","x","x","x","x","x","x","x","animal inteiro (lâmina em bálsamo do Canadá)",1,"hermafrodita","x","larva","x","x","x","parasito de Lutianus synagris (Linnaeus, 1758) (Perciformes: Lutjanidae) ","em coleção","x","x","x","material estudado por André Mota Alves","nenhuma","GBIF, 2017","br:UFMS:ZUFMS:ZUFMS-PLA00016","x"
"2018-07-19","ocultar","PreservedSpecimen","UFMS","ZUFMS","ZUFMS-PLA00017","ARMÁRIO DE TIPOS COLEÇÃO ÚMIDA","LAM001-1","nenhum","nenhum","nenhum","Anacanthorus sp. Mizelle & Price, 1965 sp. nov. em descrição","Anacanthorus","Mizelle & Price, 1965","Animalia","Platyhelminthes","Monogenea","Dactylogyridea","Dactylogyroidea","Dactylogyridae","Anacanthorinae","Anacanthorus","x","x","x","gênero","em descrição","x","x","ICZN","sp. nov.","Pereira, F. B.","2018-07","holótipo","Mota, M. E.","M01 II sp.1","x","x","x","x","x","2010/2017","x","x","x","x","morfotipo 1","América do Sul","Brasil","BRA","x","Mato Grosso do Sul","Corumbá","x","x","19°34'S","57°00'W","-19.566667","-57.000000","x","WGS84","x","nulo","nulo","nenhum","nulo","nulo","nenhuma","lâmina em meio Grey-Wess",1,"indeterminado","x","não informado","não informado","selvagem","não informado","parasita de Markiana nigripinnis (Characidae); sítio de infecção - brânquias","em coleção","x","x","x","material em descrição por Felipe Bisagio Pereira","nenhuma","NCBI, 2018","br:UFMS:ZUFMS:ZUFMS-PLA00017","x"
"2018-07-19","ocultar","PreservedSpecimen","UFMS","ZUFMS","ZUFMS-PLA00018","ARMÁRIO DE TIPOS COLEÇÃO ÚMIDA","LAM001-2","nenhum","nenhum","nenhum","Anacanthorus sp. Mizelle & Price, 1965 sp. nov. em descrição","Anacanthorus","Mizelle & Price, 1965","Animalia","Platyhelminthes","Monogenea","Dactylogyridea","Dactylogyroidea","Dactylogyridae","Anacanthorinae","Anacanthorus","x","x","x","gênero","em descrição","x","x","ICZN","sp. nov.","Pereira, F. B.","2018-07","parátipo","Mota, M. E.","M48 II 3 sp.1","x","x","x","x","x","2010/2017","x","x","x","x","morfotipo 1","América do Sul","Brasil","BRA","x","Mato Grosso do Sul","Corumbá","x","x","19°34'S","57°00'W","-19.566667","-57.000000","x","WGS84","x","nulo","nulo","nenhum","nulo","nulo","nenhuma","lâmina em meio Grey-Wess",1,"indeterminado","x","não informado","não informado","selvagem","não informado","parasita de Markiana nigripinnis (Characidae); sítio de infecção - brânquias","em coleção","x","x","x","material em descrição por Felipe Bisagio Pereira","nenhuma","NCBI, 2018","br:UFMS:ZUFMS:ZUFMS-PLA00018","x"
"2018-07-19","ocultar","PreservedSpecimen","UFMS","ZUFMS","ZUFMS-PLA00019","ARMÁRIO DE TIPOS COLEÇÃO ÚMIDA","LAM001-3","nenhum","nenhum","nenhum","Anacanthorus sp. Mizelle & Price, 1965 sp. nov. em descrição","Anacanthorus","Mizelle & Price, 1965","Animalia","Platyhelminthes","Monogenea","Dactylogyridea","Dactylogyroidea","Dactylogyridae","Anacanthorinae","Anacanthorus","x","x","x","gênero","em descrição","x","x","ICZN","sp. nov.","Pereira, F. B.","2018-07","parátipo","Mota, M. E.","M24 II 1 sp.1","x","x","x","x","x","2010/2017","x","x","x","x","morfotipo 1","América do Sul","Brasil","BRA","x","Mato Grosso do Sul","Corumbá","x","x","19°34'S","57°00'W","-19.566667","-57.000000","x","WGS84","x","nulo","nulo","nenhum","nulo","nulo","nenhuma","lâmina em meio Grey-Wess",1,"indeterminado","x","não informado","não informado","selvagem","não informado","parasita de Markiana nigripinnis (Characidae); sítio de infecção - brânquias","em coleção","x","x","x","material em descrição por Felipe Bisagio Pereira","nenhuma","NCBI, 2018","br:UFMS:ZUFMS:ZUFMS-PLA00019","x"
"2018-07-19","ocultar","PreservedSpecimen","UFMS","ZUFMS","ZUFMS-PLA00020","ARMÁRIO DE TIPOS COLEÇÃO ÚMIDA","LAM001-4","nenhum","nenhum","nenhum","Anacanthorus sp. Mizelle & Price, 1965 sp. nov. em descrição","Anacanthorus","Mizelle & Price, 1965","Animalia","Platyhelminthes","Monogenea","Dactylogyridea","Dactylogyroidea","Dactylogyridae","Anacanthorinae","Anacanthorus","x","x","x","gênero","em descrição","x","x","ICZN","sp. nov.","Pereira, F. B.","2018-07","parátipo","Mota, M. E.","M19 II 2 sp.1","x","x","x","x","x","2010/2017","x","x","x","x","morfotipo 1","América do Sul","Brasil","BRA","x","Mato Grosso do Sul","Corumbá","x","x","19°34'S","57°00'W","-19.566667","-57.000000","x","WGS84","x","nulo","nulo","nenhum","nulo","nulo","nenhuma","lâmina em meio Grey-Wess",1,"indeterminado","x","não informado","não informado","selvagem","não informado","parasita de Markiana nigripinnis (Characidae); sítio de infecção - brânquias","em coleção","x","x","x","material em descrição por Felipe Bisagio Pereira","nenhuma","NCBI, 2018","br:UFMS:ZUFMS:ZUFMS-PLA00020","x"
"2018-07-19","ocultar","PreservedSpecimen","UFMS","ZUFMS","ZUFMS-PLA00021","ARMÁRIO DE TIPOS COLEÇÃO ÚMIDA","LAM001-5","nenhum","nenhum","nenhum","Anacanthorus sp. Mizelle & Price, 1965 sp. nov. em descrição","Anacanthorus","Mizelle & Price, 1965","Animalia","Platyhelminthes","Monogenea","Dactylogyridea","Dactylogyroidea","Dactylogyridae","Anacanthorinae","Anacanthorus","x","x","x","gênero","em descrição","x","x","ICZN","sp. nov.","Pereira, F. B.","2018-07","holótipo","Mota, M. E.","M48 II 7 sp.2","x","x","x","x","x","2010/2017","x","x","x","x","morfotipo 2","América do Sul","Brasil","BRA","x","Mato Grosso do Sul","Corumbá","x","x","19°34'S","57°00'W","-19.566667","-57.000000","x","WGS84","x","nulo","nulo","nenhum","nulo","nulo","nenhuma","lâmina em meio Grey-Wess",1,"indeterminado","x","não informado","não informado","selvagem","não informado","parasita de Markiana nigripinnis (Characidae); sítio de infecção - brânquias","em coleção","x","x","x","material em descrição por Felipe Bisagio Pereira","nenhuma","NCBI, 2018","br:UFMS:ZUFMS:ZUFMS-PLA00021","x"
"2018-07-19","ocultar","PreservedSpecimen","UFMS","ZUFMS","ZUFMS-PLA00022","ARMÁRIO DE TIPOS COLEÇÃO ÚMIDA","LAM001-6","nenhum","nenhum","nenhum","Anacanthorus sp. Mizelle & Price, 1965 sp. nov. em descrição","Anacanthorus","Mizelle & Price, 1965","Animalia","Platyhelminthes","Monogenea","Dactylogyridea","Dactylogyroidea","Dactylogyridae","Anacanthorinae","Anacanthorus","x","x","x","gênero","em descrição","x","x","ICZN","sp. nov.","Pereira, F. B.","2018-07","parátipo","Mota, M. E.","M48 II 2 sp.2","x","x","x","x","x","2010/2017","x","x","x","x","morfotipo 2","América do Sul","Brasil","BRA","x","Mato Grosso do Sul","Corumbá","x","x","19°34'S","57°00'W","-19.566667","-57.000000","x","WGS84","x","nulo","nulo","nenhum","nulo","nulo","nenhuma","lâmina em meio Grey-Wess",1,"indeterminado","x","não informado","não informado","selvagem","não informado","parasita de Markiana nigripinnis (Characidae); sítio de infecção - brânquias","em coleção","x","x","x","material em descrição por Felipe Bisagio Pereira","nenhuma","NCBI, 2018","br:UFMS:ZUFMS:ZUFMS-PLA00022","x"
"2018-07-19","ocultar","PreservedSpecimen","UFMS","ZUFMS","ZUFMS-PLA00023","ARMÁRIO DE TIPOS COLEÇÃO ÚMIDA","LAM001-7","nenhum","nenhum","nenhum","Anacanthorus sp. Mizelle & Price, 1965 sp. nov. em descrição","Anacanthorus","Mizelle & Price, 1965","Animalia","Platyhelminthes","Monogenea","Dactylogyridea","Dactylogyroidea","Dactylogyridae","Anacanthorinae","Anacanthorus","x","x","x","gênero","em descrição","x","x","ICZN","sp. nov.","Pereira, F. B.","2018-07","parátipo","Mota, M. E.","M19 II 2 sp.2","x","x","x","x","x","2010/2017","x","x","x","x","morfotipo 2","América do Sul","Brasil","BRA","x","Mato Grosso do Sul","Corumbá","x","x","19°34'S","57°00'W","-19.566667","-57.000000","x","WGS84","x","nulo","nulo","nenhum","nulo","nulo","nenhuma","lâmina em meio Grey-Wess",1,"indeterminado","x","não informado","não informado","selvagem","não informado","parasita de Markiana nigripinnis (Characidae); sítio de infecção - brânquias","em coleção","x","x","x","material em descrição por Felipe Bisagio Pereira","nenhuma","NCBI, 2018","br:UFMS:ZUFMS:ZUFMS-PLA00023","x"
"2018-07-19","ocultar","PreservedSpecimen","UFMS","ZUFMS","ZUFMS-PLA00024","ARMÁRIO DE TIPOS COLEÇÃO ÚMIDA","LAM001-8","nenhum","nenhum","nenhum","Anacanthorus sp. Mizelle & Price, 1965 sp. nov. em descrição","Anacanthorus","Mizelle & Price, 1965","Animalia","Platyhelminthes","Monogenea","Dactylogyridea","Dactylogyroidea","Dactylogyridae","Anacanthorinae","Anacanthorus","x","x","x","gênero","em descrição","x","x","ICZN","sp. nov.","Pereira, F. B.","2018-07","holótipo","Mota, M. E.","M48 II 1 sp.3","x","x","x","x","x","2010/2017","x","x","x","x","morfotipo 3","América do Sul","Brasil","BRA","x","Mato Grosso do Sul","Corumbá","x","x","19°34'S","57°00'W","-19.566667","-57.000000","x","WGS84","x","nulo","nulo","nenhum","nulo","nulo","nenhuma","lâmina em meio Grey-Wess",1,"indeterminado","x","não informado","não informado","selvagem","não informado","parasita de Markiana nigripinnis (Characidae); sítio de infecção - brânquias","em coleção","x","x","x","material em descrição por Felipe Bisagio Pereira","nenhuma","NCBI, 2018","br:UFMS:ZUFMS:ZUFMS-PLA00024","x"
"2018-07-19","ocultar","PreservedSpecimen","UFMS","ZUFMS","ZUFMS-PLA00025","ARMÁRIO DE TIPOS COLEÇÃO ÚMIDA","LAM001-9","nenhum","nenhum","nenhum","Anacanthorus sp. Mizelle & Price, 1965 sp. nov. em descrição","Anacanthorus","Mizelle & Price, 1965","Animalia","Platyhelminthes","Monogenea","Dactylogyridea","Dactylogyroidea","Dactylogyridae","Anacanthorinae","Anacanthorus","x","x","x","gênero","em descrição","x","x","ICZN","sp. nov.","Pereira, F. B.","2018-07","parátipo","Mota, M. E.","M46 II 09110 sp.3","x","x","x","x","x","2010/2017","x","x","x","x","morfotipo 3","América do Sul","Brasil","BRA","x","Mato Grosso do Sul","Corumbá","x","x","19°34'S","57°00'W","-19.566667","-57.000000","x","WGS84","x","nulo","nulo","nenhum","nulo","nulo","nenhuma","lâmina em meio Grey-Wess",1,"indeterminado","x","não informado","não informado","selvagem","não informado","parasita de Markiana nigripinnis (Characidae); sítio de infecção - brânquias","em coleção","x","x","x","material em descrição por Felipe Bisagio Pereira","nenhuma","NCBI, 2018","br:UFMS:ZUFMS:ZUFMS-PLA00025","x"
"2018-07-19","ocultar","PreservedSpecimen","UFMS","ZUFMS","ZUFMS-PLA00026","ARMÁRIO DE TIPOS COLEÇÃO ÚMIDA","LAM001-10","nenhum","nenhum","nenhum","Anacanthorus sp. Mizelle & Price, 1965 sp. nov. em descrição","Anacanthorus","Mizelle & Price, 1965","Animalia","Platyhelminthes","Monogenea","Dactylogyridea","Dactylogyroidea","Dactylogyridae","Anacanthorinae","Anacanthorus","x","x","x","gênero","em descrição","x","x","ICZN","sp. nov.","Pereira, F. B.","2018-07","parátipo","Mota, M. E.","M35 II 1 sp.3","x","x","x","x","x","2010/2017","x","x","x","x","morfotipo 3","América do Sul","Brasil","BRA","x","Mato Grosso do Sul","Corumbá","x","x","19°34'S","57°00'W","-19.566667","-57.000000","x","WGS84","x","nulo","nulo","nenhum","nulo","nulo","nenhuma","lâmina em meio Grey-Wess",1,"indeterminado","x","não informado","não informado","selvagem","não informado","parasita de Markiana nigripinnis (Characidae); sítio de infecção - brânquias","em coleção","x","x","x","material em descrição por Felipe Bisagio Pereira","nenhuma","NCBI, 2018","br:UFMS:ZUFMS:ZUFMS-PLA00026","x"
"2018-11-13","nenhuma","PreservedSpecimen","UFMS","ZUFMS","ZUFMS-PLA00027","ARMINV 004 ZUFMS ÚMIDA","ZUFMS PARASITOS P001; LAM002-1","nenhum","nenhum","nenhum","Demidospermus peruvianus Mendoza-Palermo & Scholz, 2011","Demidospermus peruvianus","Mendoza-Palermo & Scholz, 2011","Animalia","Platyhelminthes","Monogenea","Dactylogyridea","Dactylogyroidea","Dactylogyridae","Ancyrocephalinae","Demidospermus","x","peruvianus","x","espécie","aceito","x","x","ICZN","x","Negreiros, L.","2015-06-27","voucher","Negreiros, L.","PB0001","coleta estiagem","20","06","2015","07:00/17:00","2015-06-01/2015-12-30","20.VI.2015","rede de arrasto","Amazônia","x","estação de estiagem","América do Sul","Brasil","BRA","Bacia do Rio Acre","Acre","Rio Branco","Rio Branco","Bairro Aeroporto Velho","x","x","x","x","x","x","x","nulo","nulo","nenhum","nulo","nulo","nenhuma","lâmina",2,"hermafrodita","x","adulto","não informado","selvagem","parasito","nenhuma","em coleção","x","Mendoza-Palmero & Scholz, 2011","Negreiros et al. (2018) Community structure of metazoan parasites from Pimelodus blochii in two rivers of the Western Brazilian Amazon: same seasonal traits, but different anthropogenic impacts","Fauna de parasitos metazoários de Calophysus macropterus e Pimelodus blochii (Pimelodidae) do estado do Acre: uma abordagem taxonômica, morfológica, molecular e ecológica","nenhuma","CTFB, 2018","br:UFMS:ZUFMS:ZUFMS-PLA00027","x"
"2018-11-13","nenhuma","PreservedSpecimen","UFMS","ZUFMS","ZUFMS-PLA00028","ARMINV 004 ZUFMS ÚMIDA","ZUFMS PARASITOS P001; LAM002-2","nenhum","nenhum","nenhum","Demidospermus striatus Mendoza-Palmero & Scholz, 2011","Demidospermus striatus","Mendoza-Palmero & Scholz, 2011","Animalia","Platyhelminthes","Monogenea","Dactylogyridea","Dactylogyroidea","Dactylogyridae","Ancyrocephalinae","Demidospermus","x","striatus","x","espécie","aceito","x","x","ICZN","x","Negreiros, L.","2015-06-27","voucher","Negreiros, L.","PB0002","coleta estiagem","20","06","2015","07:00/17:01","2015-06-01/2015-12-30","20.VI.2015","rede de arrasto","Amazônia","x","estação de estiagem","América do Sul","Brasil","BRA","Bacia do Rio Acre","Acre","Rio Branco","Rio Branco","Bairro Aeroporto Velho","x","x","x","x","x","x","x","nulo","nulo","nenhum","nulo","nulo","nenhuma","lâmina",2,"hermafrodita","x","adulto","não informado","selvagem","parasito","nenhuma","em coleção","x","Mendoza-Palmero & Scholz, 2011","Negreiros et al. (2018) Community structure of metazoan parasites from Pimelodus blochii in two rivers of the Western Brazilian Amazon: same seasonal traits, but different anthropogenic impacts","Fauna de parasitos metazoários de Calophysus macropterus e Pimelodus blochii (Pimelodidae) do estado do Acre: uma abordagem taxonômica, morfológica, molecular e ecológica","nenhuma","CTFB, 2018","br:UFMS:ZUFMS:ZUFMS-PLA00028","x"
"2018-11-13","nenhuma","PreservedSpecimen","UFMS","ZUFMS","ZUFMS-PLA00029","ARMINV 004 ZUFMS ÚMIDA","ZUFMS PARASITOS P001; LAM002-3","nenhum","nenhum","nenhum","Demidospermus leptosynophallus Kritsky & Gutiérrez, 1998","Demidospermus leptosynophallus","Kritsky & Gutiérrez, 1998","Animalia","Platyhelminthes","Monogenea","Dactylogyridea","Dactylogyroidea","Dactylogyridae","Ancyrocephalinae","Demidospermus","x","leptosynophallus","x","espécie","aceito","x","x","ICZN","x","Negreiros, L.","2015-06-27","voucher","Negreiros, L.","PB0003","coleta estiagem","20","06","2015","07:00/17:01","2015-06-01/2015-12-30","20.VI.2015","rede de arrasto","Amazônia","x","estação de estiagem","América do Sul","Brasil","BRA","Bacia do Rio Acre","Acre","Rio Branco","Rio Branco","Bairro Aeroporto Velho","x","x","x","x","x","x","x","nulo","nulo","nenhum","nulo","nulo","nenhuma","lâmina",2,"hermafrodita","x","adulto","não informado","selvagem","parasito","nenhuma","em coleção","x","Kritsky & Gutiérrez, 1998","Negreiros et al. (2018) Community structure of metazoan parasites from Pimelodus blochii in two rivers of the Western Brazilian Amazon: same seasonal traits, but different anthropogenic impacts","Fauna de parasitos metazoários de Calophysus macropterus e Pimelodus blochii (Pimelodidae) do estado do Acre: uma abordagem taxonômica, morfológica, molecular e ecológica","nenhuma","CTFB, 2018","br:UFMS:ZUFMS:ZUFMS-PLA00029","x"
"2018-11-13","nenhuma","PreservedSpecimen","UFMS","ZUFMS","ZUFMS-PLA00030","ARMÁRIO DE TIPOS COLEÇÃO ÚMIDA","LAM001-11","nenhum","nenhum","nenhum","Ameloblastella sp. nov. Mendoza-Franco & Scholz, 2009","Ameloblastella","Mendoza-Franco & Scholz, 2009","Animalia","Platyhelminthes","Monogenea","Dactylogyridea","Dactylogyroidea","Dactylogyridae","Ancyrocephalinae","Ameloblastella","x","x","x","gênero","em descrição","x","x","ICZN","sp. nov.","Negreiros, L.","2015-06-27","parátipo","Negreiros, L.","PB0004","coleta estiagem","20","06","2015","07:00/17:01","2015-06-01/2015-12-30","20.VI.2015","rede de arrasto","Amazônia","x","estação de estiagem","América do Sul","Brasil","BRA","Bacia do Rio Acre","Acre","Rio Branco","Rio Branco","Bairro Aeroporto Velho","x","x","x","x","x","x","x","nulo","nulo","nenhum","nulo","nulo","nenhuma","lâmina",1,"hermafrodita","x","adulto","não informado","selvagem","parasito","nenhuma","em coleção","x","Kritsky et al., 200","Negreiros et al. (2018) Community structure of metazoan parasites from Pimelodus blochii in two rivers of the Western Brazilian Amazon: same seasonal traits, but different anthropogenic impacts","Fauna de parasitos metazoários de Calophysus macropterus e Pimelodus blochii (Pimelodidae) do estado do Acre: uma abordagem taxonômica, morfológica, molecular e ecológica","nenhuma","CTFB, 2018","br:UFMS:ZUFMS:ZUFMS-PLA00030","x"
"2018-11-13","nenhuma","PreservedSpecimen","UFMS","ZUFMS","ZUFMS-PLA00031","ARMÁRIO DE TIPOS COLEÇÃO ÚMIDA","LAM001-12","nenhum","nenhum","nenhum","Scleroductus sp. nov. Jara & Cone, 1989","Scleroductus","Jara & Cone, 1989","Animalia","Platyhelminthes","Monogenea","Gyrodactylidea","Gyrodactyloidea","Gyrodactylidae","Gyrodactylinae","Scleroductus","x","x","x","gênero","em descrição","x","x","ICZN","sp. nov.","Negreiros, L.","2015-06-27","parátipo","Negreiros, L.","PB0005","coleta estiagem","20","06","2015","07:00/17:01","2015-06-01/2015-12-30","20.VI.2015","rede de arrasto","Amazônia","x","estação de estiagem","América do Sul","Brasil","BRA","Bacia do Rio Acre","Acre","Rio Branco","Rio Branco","Bairro Aeroporto Velho","x","x","x","x","x","x","x","nulo","nulo","nenhum","nulo","nulo","nenhuma","lâmina",1,"hermafrodita","x","adulto","não informado","selvagem","parasito","nenhuma","em coleção","x","Jara & Cone, 1989","Negreiros et al. (2018) Community structure of metazoan parasites from Pimelodus blochii in two rivers of the Western Brazilian Amazon: same seasonal traits, but different anthropogenic impacts","Fauna de parasitos metazoários de Calophysus macropterus e Pimelodus blochii (Pimelodidae) do estado do Acre: uma abordagem taxonômica, morfológica, molecular e ecológica","nenhuma","CTFB, 2018","br:UFMS:ZUFMS:ZUFMS-PLA00031","x"
"2018-11-13","nenhuma","PreservedSpecimen","UFMS","ZUFMS","ZUFMS-PLA00032","ARMINV 004 ZUFMS ÚMIDA","ZUFMS PARASITOS P001; LAM002-4","nenhum","nenhum","nenhum","Dadaytrema sp. nov. Travassos, 1931","Dadaytrema","Travassos, 1931","Animalia","Platyhelminthes","Trematoda","Plagiorchiida","Paramphistomoidea","Cladorchiidae","Dadayiinae","Dadaytrema","x","x","x","gênero","em descrição","Digenea","x","ICZN","sp. nov.","Negreiros, L.","2015-06-30","voucher","Negreiros, L.","número 13; PB0016","coleta estiagem","20","06","2015","07:00/17:01","2015-06-01/2015-12-30","20.VI.2015","rede de arrasto","Amazônia","x","estação de estiagem","América do Sul","Brasil","BRA","Bacia do Rio Acre","Acre","Rio Branco","Rio Branco","Bairro Aeroporto Velho","x","x","x","x","x","x","x","nulo","nulo","nenhum","nulo","nulo","nenhuma","lâmina",1,"hermafrodita","x","adulto","não informado","selvagem","parasito","nenhuma","em coleção","x","x","Negreiros et al. (2018) Community structure of metazoan parasites from Pimelodus blochii in two rivers of the Western Brazilian Amazon: same seasonal traits, but different anthropogenic impacts","Fauna de parasitos metazoários de Calophysus macropterus e Pimelodus blochii (Pimelodidae) do estado do Acre: uma abordagem taxonômica, morfológica, molecular e ecológica","nenhuma","CTFB, 2018","br:UFMS:ZUFMS:ZUFMS-PLA00032","x"
"2018-11-13","nenhuma","PreservedSpecimen","UFMS","ZUFMS","ZUFMS-PLA00033","ARMINV 004 ZUFMS ÚMIDA","ZUFMS PARASITOS P001; LAM002-5","nenhum","nenhum","nenhum","Platyhelminthes Gegenbaur, 1859","Platyhelminthes","Gegenbaur, 1859","Animalia","Platyhelminthes","x","x","x","x","x","x","x","x","x","filo","aceito","Trematoda","x","ICZN","x","Negreiros, L.","2015-06-30","voucher","Negreiros, L.","número 14; PB0017","coleta estiagem","20","06","2015","07:00/17:01","2015-06-01/2015-12-30","20.VI.2015","rede de arrasto","Amazônia","x","estação de estiagem","América do Sul","Brasil","BRA","Bacia do Rio Acre","Acre","Rio Branco","Rio Branco","Bairro Aeroporto Velho","x","x","x","x","x","x","x","nulo","nulo","nenhum","nulo","nulo","nenhuma","lâmina",1,"hermafrodita","x","adulto","não informado","selvagem","parasito","metacercariae type-Diplostomulum","em coleção","x","x","Negreiros et al. (2018) Community structure of metazoan parasites from Pimelodus blochii in two rivers of the Western Brazilian Amazon: same seasonal traits, but different anthropogenic impacts","Fauna de parasitos metazoários de Calophysus macropterus e Pimelodus blochii (Pimelodidae) do estado do Acre: uma abordagem taxonômica, morfológica, molecular e ecológica","nenhuma","CTFB, 2018","br:UFMS:ZUFMS:ZUFMS-PLA00033","x"
"2018-11-13","nenhuma","PreservedSpecimen","UFMS","ZUFMS","ZUFMS-PLA00034","ARMINV 004 ZUFMS ÚMIDA","ZUFMS PARASITOS P001; LAM002-6","nenhum","nenhum","nenhum","Monticellia magna (Rêgo, Santos & Silva, 1974)","Monticellia magna","(Rêgo, Santos & Silva, 1974)","Animalia","Platyhelminthes","Cestoda","Proteocephalidea","Proteocephaloidea","Proteocephalidae","Monticelliinae","Monticellia","x","magna","x","espécie","aceito","Cestoda","x","ICZN","x","Negreiros, L.","2015-06-30","voucher","Negreiros, L.","número 15; PB0018","coleta estiagem","20","06","2015","07:00/17:01","2015-06-01/2015-12-30","20.VI.2015","rede de arrasto","Amazônia","x","estação de estiagem","América do Sul","Brasil","BRA","Bacia do Rio Acre","Acre","Rio Branco","Rio Branco","Bairro Aeroporto Velho","x","x","x","x","x","x","x","nulo","nulo","nenhum","nulo","nulo","nenhuma","lâmina",1,"hermafrodita","x","adulto","não informado","selvagem","parasito","nenhuma","em coleção","x","x","Negreiros et al. (2018) Community structure of metazoan parasites from Pimelodus blochii in two rivers of the Western Brazilian Amazon: same seasonal traits, but different anthropogenic impacts","Fauna de parasitos metazoários de Calophysus macropterus e Pimelodus blochii (Pimelodidae) do estado do Acre: uma abordagem taxonômica, morfológica, molecular e ecológica","nenhuma","CTFB, 2018","br:UFMS:ZUFMS:ZUFMS-PLA00034","x"
"2018-12-05","nenhuma","PreservedSpecimen","UFMS","ZUFMS","ZUFMS-PLA00035","ARMINV 004 ZUFMS ÚMIDA","PLAK; ZUFMS PARASITOS P001","nenhum","nenhum","nenhum","Choledocystus elegans Travassos, 1926","Choledocystus elegans","Travassos, 1926","Animalia","Platyhelminthes","Trematoda","Plagiorchiida","Plagiorchioidea","Plagiorchiidae","Plagiorchiinae","Choledocystus","x","elegans","x","espécie","x","x","x","ICZN","x","SOARES, P.","2018","voucher","SOARES, P.",13,"x","15","11","2017","19:00","2017-11-15","15.XI.2017","necropsia","Pantanal","nenhuma","nenhuma","América do Sul","Brasil","BRA","x","Mato Grosso do Sul","Corumbá","x","x","18°35'36.85""S","56°22'16.35""W","-18.593569","-56.371208",10,"WGS84","x","nulo","nulo","nenhum","nulo","nulo","nenhuma","animal inteiro (ETOH 70%)",1,"hermafrodita","não informado","adulto","não informado","selvagem","parasito","nenhuma","em tombamento","x","x","x","Doutorado Priscilla Soares","nenhuma","CTFB, 2018","br:UFMS:ZUFMS:ZUFMS-PLA00035","x"
"2018-12-05","nenhuma","PreservedSpecimen","UFMS","ZUFMS","ZUFMS-PLA00036","ARMINV 004 ZUFMS ÚMIDA","PLAF; ZUFMS PARASITOS P001","nenhum","nenhum","nenhum","Catadiscus cohni Travassos, 1926","Catadiscus cohni","Travassos, 1926","Animalia","Platyhelminthes","Trematoda","Plagiorchiida","Paramphistomoidea","Paramphistomidae","Paramphistominae","Catadiscus","x","cohni","x","espécie","x","x","x","ICZN","x","SOARES, P.","2018","voucher","SOARES, P.",14,"x","27","11","2017","19:00","2017-11-27","27.XI.2017","necropsia","Pantanal","nenhuma","nenhuma","América do Sul","Brasil","BRA","x","Mato Grosso do Sul","Corumbá","x","x","18°35'36.85""S","56°22'16.35""W","-18.593569","-56.371208",10,"WGS84","x","nulo","nulo","nenhum","nulo","nulo","nenhuma","animal inteiro (ETOH 70%)",1,"hermafrodita","não informado","adulto","não informado","selvagem","parasito","nenhuma","em tombamento","x","x","x","Doutorado Priscilla Soares","nenhuma","CTFB, 2018","br:UFMS:ZUFMS:ZUFMS-PLA00036","x"
"2018-12-05","nenhuma","PreservedSpecimen","UFMS","ZUFMS","ZUFMS-PLA00037","ARMINV 004 ZUFMS ÚMIDA","PLAF; ZUFMS PARASITOS P001","nenhum","nenhum","nenhum","Catadiscus uruguayensis Freitas & Lent, 1938","Catadiscus uruguayensis","Freitas & Lent, 19838","Animalia","Platyhelminthes","Trematoda","Plagiorchiida","Paramphistomoidea","Paramphistomidae","Paramphistominae","Catadiscus","x","uruguayensis","x","espécie","x","x","x","ICZN","x","SOARES, P.","2018","voucher","SOARES, P.",15,"x","27","11","2017","19:00","2017-11-27","27.XI.2017","necropsia","Pantanal","nenhuma","nenhuma","América do Sul","Brasil","BRA","x","Mato Grosso do Sul","Corumbá","x","x","18°35'36.85""S","56°22'16.35""W","-18.593569","-56.371208",10,"WGS84","x","nulo","nulo","nenhum","nulo","nulo","nenhuma","animal inteiro (ETOH 70%)",1,"hermafrodita","não informado","adulto","não informado","selvagem","parasito","nenhuma","em tombamento","x","x","x","Doutorado Priscilla Soares","nenhuma","CTFB, 2018","br:UFMS:ZUFMS:ZUFMS-PLA00037","x"
"2018-12-05","nenhuma","PreservedSpecimen","UFMS","ZUFMS","ZUFMS-PLA00038","ARMINV 004 ZUFMS ÚMIDA","PLAL; ZUFMS PARASITOS P001","nenhum","nenhum","nenhum","Brachylaima Dujardin, 1843","Brachylaima","Dujardin, 1843","Animalia","Platyhelminthes","Trematoda","Strigeidida","Brachylaimoidea","Brachylaimidae","Brachylaiminae","Brachylaima","x","x","x","gênero","x","x","x","ICZN","sp.","SOARES, P.","2018","voucher","SOARES, P.",16,"x","14","11","2016","19:00","2016-11-14","14.XI.2016","necropsia","Pantanal","nenhuma","nenhuma","América do Sul","Brasil","BRA","x","Mato Grosso do Sul","Corumbá","x","x","18°35'36.85""S","56°22'16.35""W","-18.593569","-56.371208",10,"WGS84","x","nulo","nulo","nenhum","nulo","nulo","nenhuma","animal inteiro (ETOH 70%)",1,"hermafrodita","não informado","imaturo","não informado","selvagem","parasito","nenhuma","em tombamento","x","x","x","Doutorado Priscilla Soares","nenhuma","CTFB, 2018","br:UFMS:ZUFMS:ZUFMS-PLA00038","x"
"2018-12-05","nenhuma","PreservedSpecimen","UFMS","ZUFMS","ZUFMS-PLA00039","ARMINV 004 ZUFMS ÚMIDA","PLAH; ZUFMS PARASITOS P001","nenhum","nenhum","nenhum","Rauschiella Babero, 1951","Rauschiella","Babero, 1951","Animalia","Platyhelminthes","Trematoda","Plagiorchiida","Plagiorchioidea","Plagiorchiidae","Plagiorchiinae","Rauschiella","x","x","x","gênero","x","x","x","ICZN","sp.","SOARES, P.","2018","voucher","SOARES, P.",9,"x","17","11","2017","19:00","2017-11-17","17.XI.2017","necropsia","Pantanal","nenhuma","nenhuma","América do Sul","Brasil","BRA","x","Mato Grosso do Sul","Corumbá","x","x","18°59'23.90""S","56°39'01.55""W","-18.989972","-56.650431",10,"WGS84","x","nulo","nulo","nenhum","nulo","nulo","nenhuma","animal inteiro (ETOH 70%)",1,"hermafrodita","não informado","adulto","não informado","selvagem","parasito","nenhuma","em tombamento","x","x","x","Doutorado Priscilla Soares","nenhuma","CTFB, 2018","br:UFMS:ZUFMS:ZUFMS-PLA00039","x"
"2018-12-05","nenhuma","PreservedSpecimen","UFMS","ZUFMS","ZUFMS-PLA00040","ARMINV 004 ZUFMS ÚMIDA","PLAJ; ZUFMS PARASITOS P001","nenhum","nenhum","nenhum","Cylindrotaenia Jewell, 1916","Cylindrotaenia","Jewell, 1916","Animalia","Platyhelminthes","Cestoda","Cyclophyllidea","Nematotaenioidae","Nematotaeniidae","Nematotaeniinae","Cylindrotaenia","x","x","x","gênero","x","x","x","ICZN","sp.","SOARES, P.","2018","voucher","SOARES, P.",17,"x","07","03","2015","19:00","2015-03-07","07.III.2015","necropsia","Pantanal","nenhuma","nenhuma","América do Sul","Brasil","BRA","x","Mato Grosso do Sul","Corumbá","x","x","18°59'23.90""S","56°39'01.55""W","-18.989972","-56.650431",10,"WGS84","x","nulo","nulo","nenhum","nulo","nulo","nenhuma","animal inteiro (ETOH 70%)",1,"hermafrodita","não informado","adulto","não informado","selvagem","parasito","nenhuma","em tombamento","x","x","x","Doutorado Priscilla Soares","nenhuma","CTFB, 2018","br:UFMS:ZUFMS:ZUFMS-PLA00040","x"
"2018-12-05","nenhuma","PreservedSpecimen","UFMS","ZUFMS","ZUFMS-PLA00041","ARMINV 004 ZUFMS ÚMIDA","PLAB; ZUFMS PARASITOS P001","nenhum","nenhum","nenhum","Glypthelmins Stafford, 1905","Glypthelmins","Stafford, 1905","Animalia","Platyhelminthes","Trematoda","Plagiorchiida","Plagiorchioidea","Plagiorchiidae","Plagiorchiinae","Glypthelmins","x","x","x","gênero","x","x","x","ICZN","sp.","SOARES, P.","2018","voucher","SOARES, P.",10,"x","02","04","2016","19:00","2016-04-02","02.IV.2016","necropsia","Pantanal","nenhuma","nenhuma","América do Sul","Brasil","BRA","x","Mato Grosso do Sul","Corumbá","x","x","19°01'05.12""S","56°23'40.12""W","-19.018089","-56.394478",10,"WGS84","x","nulo","nulo","nenhum","nulo","nulo","nenhuma","animal inteiro (ETOH 70%)",1,"hermafrodita","não informado","adulto","não informado","selvagem","parasito","nenhuma","em tombamento","x","x","x","Doutorado Priscilla Soares","nenhuma","CTFB, 2018","br:UFMS:ZUFMS:ZUFMS-PLA00041","x"
"2018-12-05","nenhuma","PreservedSpecimen","UFMS","ZUFMS","ZUFMS-PLA00042","ARMINV 004 ZUFMS ÚMIDA","PLAB; ZUFMS PARASITOS P001","nenhum","nenhum","nenhum","Glypthelmins quieta Stafford, 1905","Glypthelmins quieta","Stafford, 1905","Animalia","Platyhelminthes","Trematoda","Plagiorchiida","Plagiorchioidea","Plagiorchiidae","Plagiorchiinae","Glypthelmins","x","quieta","x","espécie","x","x","x","ICZN","x","SOARES, P.","2018","voucher","SOARES, P.",11,"x","02","04","2016","19:00","2016-04-02","02.IV.2016","necropsia","Pantanal","nenhuma","nenhuma","América do Sul","Brasil","BRA","x","Mato Grosso do Sul","Corumbá","x","x","19°01'05.12""S","56°23'40.12""W","-19.018089","-56.394478",10,"WGS84","x","nulo","nulo","nenhum","nulo","nulo","nenhuma","animal inteiro (ETOH 70%)",1,"hermafrodita","não informado","adulto","não informado","selvagem","parasito","nenhuma","em tombamento","x","x","x","Doutorado Priscilla Soares","nenhuma","CTFB, 2018","br:UFMS:ZUFMS:ZUFMS-PLA00042","x"
"2018-12-05","nenhuma","PreservedSpecimen","UFMS","ZUFMS","ZUFMS-PLA00043","ARMINV 004 ZUFMS ÚMIDA","PLAG; ZUFMS PARASITOS P001","nenhum","nenhum","nenhum","Diplostomum Nordmann, 1832","Diplostomum","Nordmann, 1832","Animalia","Platyhelminthes","Trematoda","Strigeidida","Diplostomoidea","Diplostomatidae","Diplostominae","Diplostomum","x","x","x","gênero","x","x","x","ICZN","sp.","SOARES, P.","2018","voucher","SOARES, P.",12,"x","02","04","2016","19:00","2016-04-02","02.IV.2016","necropsia","Pantanal","nenhuma","nenhuma","América do Sul","Brasil","BRA","x","Mato Grosso do Sul","Corumbá","x","x","19°01'05.12""S","56°23'40.12""W","-19.018089","-56.394478",10,"WGS84","x","nulo","nulo","nenhum","nulo","nulo","nenhuma","lote de animais inteiros (ETOH 70%)",4,"hermafrodita","não informado","imaturo","não informado","selvagem","parasito","nenhuma","em tombamento","x","x","x","Doutorado Priscilla Soares","nenhuma","CTFB, 2018","br:UFMS:ZUFMS:ZUFMS-PLA00043","x"
"2018-12-05","nenhuma","PreservedSpecimen","UFMS","ZUFMS","ZUFMS-PLA00044","ARMINV 004 ZUFMS ÚMIDA","PLAI; ZUFMS PARASITOS P001","nenhum","nenhum","nenhum","Proteocephalidea Mola, 1928","Proteocephalidea","Mola, 1928","Animalia","Platyhelminthes","Cestoda","x","x","x","x","x","x","x","x","ordem","x","x","x","ICZN","x","SOARES, P.","2018","voucher","SOARES, P.",18,"x","02","04","2016","19:00","2016-04-02","02.IV.2016","necropsia","Pantanal","nenhuma","nenhuma","América do Sul","Brasil","BRA","x","Mato Grosso do Sul","Corumbá","x","x","19°01'05.12""S","56°23'40.12""W","-19.018089","-56.394478",10,"WGS84","x","nulo","nulo","nenhum","nulo","nulo","nenhuma","lote de animais inteiros (ETOH 70%)",9,"hermafrodita","não informado","imaturo","não informado","selvagem","parasito","nenhuma","em tombamento","x","x","x","Doutorado Priscilla Soares","nenhuma","CTFB, 2018","br:UFMS:ZUFMS:ZUFMS-PLA00044","x"
"2021-02-11","nenhuma","PreservedSpecimen","UFMS","ZUFMS","ZUFMS-PLA00045","LOTE37","PLAM","nenhum","nenhum","nenhum","Trematoda Rudolphi, 1808","Trematoda","Rudolphi, 1808","Animalia","Platyhelminthes","Trematoda","x","x","x","x","x","x","x","x","classe","aceito","x","indeterminado","ICZN","x","SOARES, P.","2021-01-25","voucher","COUTO, R. M. P.","x","Campanha 1; Ponto 1","13","10","2020","09:30:00/11:30:00","2020-10-13","13.X.2020","busca ativa","Mata Atlântica","final de seca","Campanha 1; Ponto 1","América do Sul","Brasil","BRA","Paranapanema","Paraná","Rolândia","x","Aquabel I","23°16'39.31""S","51°25'55.70""W","-23.277586","-51.432139","10","WGS84","x","nulo","nulo","não informado","nulo","nulo","nenhuma","animal inteiro (ETOH 70%)",1,"hermafrodita","não informado","adulto","não informado","selvagem","não informado","nenhuma","em coleção","x","x","x","Licenciamento ambiental da empresa Sul Energia Ltda.","nenhuma","NCBI, 2021","br:UFMS:ZUFMS:ZUFMS-PLA00045","x"
"2021-02-11","nenhuma","PreservedSpecimen","UFMS","ZUFMS","ZUFMS-PLA00046","LOTE37","PLAM","nenhum","nenhum","nenhum","Trematoda Rudolphi, 1808","Trematoda","Rudolphi, 1808","Animalia","Platyhelminthes","Trematoda","x","x","x","x","x","x","x","x","classe","aceito","x","indeterminado","ICZN","x","SOARES, P.","2021-01-25","voucher","COUTO, R. M. P.","x","Campanha 1; Ponto 3","13","10","2020","09:30:00/11:30:00","2020-10-13","13.X.2020","busca ativa","Mata Atlântica","final de seca","Campanha 1; Ponto 3","América do Sul","Brasil","BRA","Paranapanema","Paraná","Rolândia","x","Aquabel I","23°16'39.31""S","51°25'55.70""W","-23.277586","-51.432139","10","WGS84","x","nulo","nulo","não informado","nulo","nulo","nenhuma","lote de animais inteiros (ETOH 70%)",3,"hermafrodita","não informado","adulto","não informado","selvagem","não informado","nenhuma","em coleção","x","x","x","Licenciamento ambiental da empresa Sul Energia Ltda.","nenhuma","NCBI, 2021","br:UFMS:ZUFMS:ZUFMS-PLA00046","x"
"2021-02-11","nenhuma","PreservedSpecimen","UFMS","ZUFMS","ZUFMS-PLA00047","LOTE37","PLAM","nenhum","nenhum","nenhum","Trematoda Rudolphi, 1808","Trematoda","Rudolphi, 1808","Animalia","Platyhelminthes","Trematoda","x","x","x","x","x","x","x","x","classe","aceito","x","indeterminado","ICZN","x","SOARES, P.","2021-01-25","voucher","COUTO, R. M. P.","x","Campanha 2; Ponto 2","06","12","2020","09:30:00/11:30:00","2020-12-06","06.XII.2020","busca ativa","Mata Atlântica","final de seca","Campanha 2; Ponto 2","América do Sul","Brasil","BRA","Paranapanema","Paraná","Rolândia","x","Aquabel I","23°16'39.31""S","51°25'55.70""W","-23.277586","-51.432139","10","WGS84","x","nulo","nulo","não informado","nulo","nulo","nenhuma","lote de animais inteiros (ETOH 70%)",4,"hermafrodita","não informado","adulto","não informado","selvagem","não informado","nenhuma","em coleção","x","x","x","Licenciamento ambiental da empresa Sul Energia Ltda.","nenhuma","NCBI, 2021","br:UFMS:ZUFMS:ZUFMS-PLA00047","x"
"2021-02-11","nenhuma","PreservedSpecimen","UFMS","ZUFMS","ZUFMS-PLA00048","LOTE37","PLAM","nenhum","nenhum","nenhum","Trematoda Rudolphi, 1808","Trematoda","Rudolphi, 1808","Animalia","Platyhelminthes","Trematoda","x","x","x","x","x","x","x","x","classe","aceito","x","indeterminado","ICZN","x","SOARES, P.","2021-01-25","voucher","COUTO, R. M. P.","x","Campanha 2; Ponto 3","06","12","2020","09:30:00/11:30:00","2020-12-06","06.XII.2020","busca ativa","Mata Atlântica","final de seca","Campanha 2; Ponto 3","América do Sul","Brasil","BRA","Paranapanema","Paraná","Rolândia","x","Aquabel I","23°16'39.31""S","51°25'55.70""W","-23.277586","-51.432139","10","WGS84","x","nulo","nulo","não informado","nulo","nulo","nenhuma","animal inteiro (ETOH 70%)",1,"hermafrodita","não informado","adulto","não informado","selvagem","não informado","nenhuma","em coleção","x","x","x","Licenciamento ambiental da empresa Sul Energia Ltda.","nenhuma","NCBI, 2021","br:UFMS:ZUFMS:ZUFMS-PLA00048","x"
"2021-02-11","nenhuma","PreservedSpecimen","UFMS","ZUFMS","ZUFMS-PLA00049","LOTE37","PLAM","nenhum","nenhum","nenhum","Trematoda Rudolphi, 1808","Trematoda","Rudolphi, 1808","Animalia","Platyhelminthes","Trematoda","x","x","x","x","x","x","x","x","classe","aceito","x","indeterminado","ICZN","x","SOARES, P.","2021-01-25","voucher","COUTO, R. M. P.","x","Campanha 1; Ponto 3","16","10","2020","09:30:00/11:30:00","2020-10-16","16.X.2020","busca ativa","Mata Atlântica","final de seca","Campanha 1; Ponto 3","América do Sul","Brasil","BRA","Paranapanema","Paraná","Rolândia","x","Aquabel II","23°16'58.70""S","51°26'48.95""W","-23.282972","-51.446931","10","WGS84","x","nulo","nulo","não informado","nulo","nulo","nenhuma","animal inteiro (ETOH 70%)",1,"hermafrodita","não informado","adulto","não informado","selvagem","não informado","nenhuma","em coleção","x","x","x","Licenciamento ambiental da empresa Sul Energia Ltda.","nenhuma","NCBI, 2021","br:UFMS:ZUFMS:ZUFMS-PLA00049","x"
"2021-02-11","nenhuma","PreservedSpecimen","UFMS","ZUFMS","ZUFMS-PLA00050","LOTE37","PLAM","nenhum","nenhum","nenhum","Trematoda Rudolphi, 1808","Trematoda","Rudolphi, 1808","Animalia","Platyhelminthes","Trematoda","x","x","x","x","x","x","x","x","classe","aceito","x","indeterminado","ICZN","x","SOARES, P.","2021-01-25","voucher","COUTO, R. M. P.","x","Campanha 2; Ponto 2","11","12","2020","09:30:00/11:30:00","2020-12-11","11.XII.2020","busca ativa","Mata Atlântica","final de seca","Campanha 2; Ponto 2","América do Sul","Brasil","BRA","Paranapanema","Paraná","Rolândia","x","Aquabel II","23°16'58.70""S","51°26'48.95""W","-23.282972","-51.446931","10","WGS84","x","nulo","nulo","não informado","nulo","nulo","nenhuma","animal inteiro (ETOH 70%)",1,"indeterminado","não informado","larva","não informado","selvagem","não informado","nenhuma","em coleção","x","x","x","Licenciamento ambiental da empresa Sul Energia Ltda.","nenhuma","NCBI, 2021","br:UFMS:ZUFMS:ZUFMS-PLA00050","x"
"2021-02-11","nenhuma","PreservedSpecimen","UFMS","ZUFMS","ZUFMS-PLA00051","LOTE37","PLAM","nenhum","nenhum","nenhum","Trematoda Rudolphi, 1808","Trematoda","Rudolphi, 1808","Animalia","Platyhelminthes","Trematoda","x","x","x","x","x","x","x","x","classe","aceito","x","indeterminado","ICZN","x","SOARES, P.","2021-01-25","voucher","COUTO, R. M. P.","x","Campanha 2; Ponto 3","11","12","2020","09:30:00/11:30:00","2020-12-11","11.XII.2020","busca ativa","Mata Atlântica","final de seca","Campanha 2; Ponto 3","América do Sul","Brasil","BRA","Paranapanema","Paraná","Rolândia","x","Aquabel II","23°16'58.70""S","51°26'48.95""W","-23.282972","-51.446931","10","WGS84","x","nulo","nulo","não informado","nulo","nulo","nenhuma","lote de animais inteiros (ETOH 70%)",32,"hermafrodita","não informado","adulto","não informado","selvagem","não informado","nenhuma","em coleção","x","x","x","Licenciamento ambiental da empresa Sul Energia Ltda.","nenhuma","NCBI, 2021","br:UFMS:ZUFMS:ZUFMS-PLA00051","x"
"2021-02-11","nenhuma","PreservedSpecimen","UFMS","ZUFMS","ZUFMS-PLA00052","LOTE37","PLAM","nenhum","nenhum","nenhum","Trematoda Rudolphi, 1808","Trematoda","Rudolphi, 1808","Animalia","Platyhelminthes","Trematoda","x","x","x","x","x","x","x","x","classe","aceito","x","indeterminado","ICZN","x","SOARES, P.","2021-01-25","voucher","COUTO, R. M. P.","x","Campanha 2; Ponto 2","29","11","2020","09:30:00/11:30:00","2020-11-29","29.XI.2020","busca ativa","Mata Atlântica","final de seca","Campanha 2; Ponto 2","América do Sul","Brasil","BRA","Ivaí","Paraná","Marilândia do Sul","x","Bromélia","23°51'51.09""S","51°21'03.43""W","-23.864192","-51.350953","10","WGS84","x","nulo","nulo","não informado","nulo","nulo","nenhuma","animal inteiro (ETOH 70%)",1,"hermafrodita","não informado","adulto","não informado","selvagem","não informado","nenhuma","em coleção","x","x","x","Licenciamento ambiental da empresa Sul Energia Ltda.","nenhuma","NCBI, 2021","br:UFMS:ZUFMS:ZUFMS-PLA00052","x"
"2021-02-11","nenhuma","PreservedSpecimen","UFMS","ZUFMS","ZUFMS-PLA00053","LOTE37","PLAM","nenhum","nenhum","nenhum","Trematoda Rudolphi, 1808","Trematoda","Rudolphi, 1808","Animalia","Platyhelminthes","Trematoda","x","x","x","x","x","x","x","x","classe","aceito","x","indeterminado","ICZN","x","SOARES, P.","2021-01-25","voucher","COUTO, R. M. P.","x","Campanha 2; Ponto 1","03","12","2020","09:30:00/11:30:00","2020-12-03","03.XII.2020","busca ativa","Mata Atlântica","final de seca","Campanha 2; Ponto 1","América do Sul","Brasil","BRA","Ivaí","Paraná","Mauá da Serra","x","Cenoura","23°53'49.74""S","51°17'31.39""W","-23.897150","-51.292053","10","WGS84","x","nulo","nulo","não informado","nulo","nulo","nenhuma","animal inteiro (ETOH 70%)",1,"hermafrodita","não informado","adulto","não informado","selvagem","não informado","nenhuma","em coleção","x","x","x","Licenciamento ambiental da empresa Sul Energia Ltda.","nenhuma","NCBI, 2021","br:UFMS:ZUFMS:ZUFMS-PLA00053","x"
"2021-02-11","nenhuma","PreservedSpecimen","UFMS","ZUFMS","ZUFMS-PLA00054","LOTE37","PLAM","nenhum","nenhum","nenhum","Trematoda Rudolphi, 1808","Trematoda","Rudolphi, 1808","Animalia","Platyhelminthes","Trematoda","x","x","x","x","x","x","x","x","classe","aceito","x","indeterminado","ICZN","x","SOARES, P.","2021-01-25","voucher","COUTO, R. M. P.","x","Campanha 1; Ponto 2","09","10","2020","09:30:00/11:30:00","2020-10-09","09.X.2020","busca ativa","Mata Atlântica","final de seca","Campanha 1; Ponto 2","América do Sul","Brasil","BRA","Tibagi","Paraná","Londrina","x","Lerrovile","23°45'00.08""S","51°01'29.15""W","-23.750022","-51.024764","10","WGS84","x","nulo","nulo","não informado","nulo","nulo","nenhuma","animal inteiro (ETOH 70%)",1,"hermafrodita","não informado","adulto","não informado","selvagem","não informado","nenhuma","em coleção","x","x","x","Licenciamento ambiental da empresa Sul Energia Ltda.","nenhuma","NCBI, 2021","br:UFMS:ZUFMS:ZUFMS-PLA00054","x"
"2021-02-11","nenhuma","PreservedSpecimen","UFMS","ZUFMS","ZUFMS-PLA00055","LOTE37","PLAM","nenhum","nenhum","nenhum","Trematoda Rudolphi, 1808","Trematoda","Rudolphi, 1808","Animalia","Platyhelminthes","Trematoda","x","x","x","x","x","x","x","x","classe","aceito","x","indeterminado","ICZN","x","SOARES, P.","2021-01-25","voucher","COUTO, R. M. P.","x","Campanha 2; Ponto 1","25","11","2020","09:30:00/11:30:00","2020-11-25","25.XI.2020","busca ativa","Mata Atlântica","final de seca","Campanha 2; Ponto 1","América do Sul","Brasil","BRA","Tibagi","Paraná","Londrina","x","Lerrovile","23°45'00.08""S","51°01'29.15""W","-23.750022","-51.024764","10","WGS84","x","nulo","nulo","não informado","nulo","nulo","nenhuma","lote de animais inteiros (ETOH 70%)",4,"hermafrodita","não informado","adulto","não informado","selvagem","não informado","nenhuma","em coleção","x","x","x","Licenciamento ambiental da empresa Sul Energia Ltda.","nenhuma","NCBI, 2021","br:UFMS:ZUFMS:ZUFMS-PLA00055","x"
"2021-02-11","nenhuma","PreservedSpecimen","UFMS","ZUFMS","ZUFMS-PLA00056","LOTE37","PLAM","nenhum","nenhum","nenhum","Trematoda Rudolphi, 1808","Trematoda","Rudolphi, 1808","Animalia","Platyhelminthes","Trematoda","x","x","x","x","x","x","x","x","classe","aceito","x","indeterminado","ICZN","x","SOARES, P.","2021-01-25","voucher","COUTO, R. M. P.","x","Campanha 2; Ponto 2","25","11","2020","09:30:00/11:30:00","2020-11-25","25.XI.2020","busca ativa","Mata Atlântica","final de seca","Campanha 2; Ponto 2","América do Sul","Brasil","BRA","Tibagi","Paraná","Londrina","x","Lerrovile","23°45'00.08""S","51°01'29.15""W","-23.750022","-51.024764","10","WGS84","x","nulo","nulo","não informado","nulo","nulo","nenhuma","lote de animais inteiros (ETOH 70%)",19,"hermafrodita","não informado","adulto","não informado","selvagem","não informado","nenhuma","em coleção","x","x","x","Licenciamento ambiental da empresa Sul Energia Ltda.","nenhuma","NCBI, 2021","br:UFMS:ZUFMS:ZUFMS-PLA00056","x"
"2021-02-11","nenhuma","PreservedSpecimen","UFMS","ZUFMS","ZUFMS-PLA00057","LOTE37","PLAM","nenhum","nenhum","nenhum","Trematoda Rudolphi, 1808","Trematoda","Rudolphi, 1808","Animalia","Platyhelminthes","Trematoda","x","x","x","x","x","x","x","x","classe","aceito","x","indeterminado","ICZN","x","SOARES, P.","2021-01-25","voucher","COUTO, R. M. P.","x","Campanha 2; Ponto 3","25","11","2020","09:30:00/11:30:00","2020-11-25","25.XI.2020","busca ativa","Mata Atlântica","final de seca","Campanha 2; Ponto 3","América do Sul","Brasil","BRA","Tibagi","Paraná","Londrina","x","Lerrovile","23°45'00.08""S","51°01'29.15""W","-23.750022","-51.024764","10","WGS84","x","nulo","nulo","não informado","nulo","nulo","nenhuma","lote de animais inteiros (ETOH 70%)",4,"hermafrodita","não informado","adulto","não informado","selvagem","não informado","nenhuma","em coleção","x","x","x","Licenciamento ambiental da empresa Sul Energia Ltda.","nenhuma","NCBI, 2021","br:UFMS:ZUFMS:ZUFMS-PLA00057","x"
"2021-02-11","nenhuma","PreservedSpecimen","UFMS","ZUFMS","ZUFMS-PLA00058","LOTE37","PLAM","nenhum","nenhum","nenhum","Trematoda Rudolphi, 1808","Trematoda","Rudolphi, 1808","Animalia","Platyhelminthes","Trematoda","x","x","x","x","x","x","x","x","classe","aceito","x","indeterminado","ICZN","x","SOARES, P.","2021-01-25","voucher","COUTO, R. M. P.","x","Campanha 2; Ponto 2","21","11","2020","09:30:00/11:30:00","2020-11-21","21.XI.2020","busca ativa","Mata Atlântica","final de seca","Campanha 2; Ponto 2","América do Sul","Brasil","BRA","Ivaí","Paraná","Marilândia do Sul","x","Rio Bom","23°47'18.10""S","51°18'07.54""W","-23.788361","-51.302094","10","WGS84","x","nulo","nulo","não informado","nulo","nulo","nenhuma","animal inteiro (ETOH 70%)",1,"hermafrodita","não informado","adulto","não informado","selvagem","não informado","nenhuma","em coleção","x","x","x","Licenciamento ambiental da empresa Sul Energia Ltda.","nenhuma","NCBI, 2021","br:UFMS:ZUFMS:ZUFMS-PLA00058","x"
"2021-07-15","nenhuma","PreservedSpecimen","UFMS","ZUFMS","ZUFMS-PLA00059","organizar","PLAN","nenhum","nenhum","nenhum","Ophiotaenia sp. La Rue, 1911","Ophiotaenia","La Rue, 1911","Animalia","Platyhelminthes","Cestoda","Proteocephalidea","Proteocephaloidea","Proteocephalidae","Proteocephalinae","Ophiotaenia","x","x","x","gênero","aceito","x","x","ICZN","sp.","SILVA, I. C. O.","2020-09-23","voucher","SILVA, I. C. O.","001","x","24","01","2018","13:00:00/17:00:00","2018-01-24","24.I.2018","necropsia","Cerrado","nenhuma","nenhuma","América do Sul","Brasil","BRA","x","Mato Grosso do Sul","Alcinópolis","x","Parque Estadual das Nascentes do Rio Taquari","18°09'54.5""S","53°24'56.9""W","-18.165139","-53.415806","nulo","WGS84","x","nulo ","nulo","nenhum","nulo","nulo","nenhuma","animal inteiro (ETOH 70%)",1,"hermafrodita","não informado","adulto","com ovos","selvagem","parasitando","nenhuma","em tombamento","x","x","x","Laboratório de Parasitologia Animal; Doutorado Isabela Caroline Oliveira da Silva","nenhuma","NCBI, 2021","br:UFMS:ZUFMS:ZUFMS-PLA00059","x"
"2021-07-15","nenhuma","PreservedSpecimen","UFMS","ZUFMS","ZUFMS-PLA00060","organizar","individual","nenhum","nenhum","nenhum","Catadiscus sp. Cohn, 1904","Catadiscus","Cohn, 1904","Animalia","Platyhelminthes","Trematoda","Plagiorchiida","Paramphistomoidea","Diplodiscidae","Paramphistominae","Catadiscus","x","x","x","gênero","aceito","x","x","ICZN","sp.","SILVA, I. C. O.","2020-09-23","voucher","SILVA, I. C. O.","048","x","26","01","2018","13:00:00/17:00:00","2018-01-26","26.I.2018","necropsia","Cerrado","nenhuma","nenhuma","América do Sul","Brasil","BRA","x","Mato Grosso do Sul","Alcinópolis","x","Parque Estadual das Nascentes do Rio Taquari","18°09'54.5""S","53°24'56.9""W","-18.165139","-53.415806","nulo","WGS84","x","nulo ","nulo","nenhum","nulo","nulo","nenhuma","animal inteiro (ETOH 70%)",1,"hermafrodita","não informado","adulto","com ovos","selvagem","parasitando","nenhuma","em tombamento","x","x","x","Laboratório de Parasitologia Animal; Doutorado Isabela Caroline Oliveira da Silva","nenhuma","NCBI, 2021","br:UFMS:ZUFMS:ZUFMS-PLA00060","x"
"2021-07-15","nenhuma","PreservedSpecimen","UFMS","ZUFMS","ZUFMS-PLA00061","organizar","individual","nenhum","nenhum","nenhum","Cylindrotaenia americana Jewel, 1916","Cylindrotaenia americana","Jewel, 1916","Animalia","Platyhelminthes","Cestoda","Cyclophyllidea","Nematotaenioidae","Nematotaeniidae","Nematotaeniinae","Cylindrotaenia","x","americana","x","espécie","aceito","x","x","ICZN","x","SILVA, I. C. O.","2020-09-23","voucher","SILVA, I. C. O.","052","x","26","01","2018","13:00:00/17:00:00","2018-01-26","26.I.2018","necropsia","Cerrado","nenhuma","nenhuma","América do Sul","Brasil","BRA","x","Mato Grosso do Sul","Alcinópolis","x","Parque Estadual das Nascentes do Rio Taquari","18°09'54.5""S","53°24'56.9""W","-18.165139","-53.415806","nulo","WGS84","x","nulo ","nulo","nenhum","nulo","nulo","nenhuma","animal inteiro (ETOH 70%)",1,"hermafrodita","não informado","adulto","com ovos","selvagem","parasitando","nenhuma","em tombamento","x","x","x","Laboratório de Parasitologia Animal; Doutorado Isabela Caroline Oliveira da Silva","nenhuma","NCBI, 2021","br:UFMS:ZUFMS:ZUFMS-PLA00061","x"
"2021-07-15","nenhuma","PreservedSpecimen","UFMS","ZUFMS","ZUFMS-PLA00062","organizar","individual","nenhum","nenhum","nenhum","Clinostomum sp. Leidy, 1856","Clinostomum","Leidy, 1856","Animalia","Platyhelminthes","Trematoda","Diplostomida","Schistosomatoidea","Clinostomidae","Clinostominae","Clinostomum","x","x","x","gênero","aceito","x","x","ICZN","sp.","SILVA, I. C. O.","2020-09-23","voucher","SILVA, I. C. O.","092b","x","27","01","2018","13:00:00/17:00:00","2018-01-27","27.I.2018","necropsia","Cerrado","nenhuma","nenhuma","América do Sul","Brasil","BRA","x","Mato Grosso do Sul","Alcinópolis","x","Parque Estadual das Nascentes do Rio Taquari","18°09'54.5""S","53°24'56.9""W","-18.165139","-53.415806","nulo","WGS84","x","nulo ","nulo","nenhum","nulo","nulo","nenhuma","animal inteiro (lâmina permanente)",1,"hermafrodita","não informado","adulto","com ovos","selvagem","parasitando","nenhuma","em tombamento","x","x","x","Laboratório de Parasitologia Animal; Doutorado Isabela Caroline Oliveira da Silva","nenhuma","NCBI, 2021","br:UFMS:ZUFMS:ZUFMS-PLA00062","x"
"2021-07-15","nenhuma","PreservedSpecimen","UFMS","ZUFMS","ZUFMS-PLA00063","organizar","PLAO","nenhum","nenhum","nenhum","Diplostomidae Poirier, 1886","Diplostomidae","Poirier, 1886","Animalia","Platyhelminthes","Trematoda","Diplostomida","Diplostomoidea","Diplostomidae","x","x","x","x","x","família","aceito","x","x","ICZN","x","SILVA, I. C. O.","2020-09-23","voucher","SILVA, I. C. O.","096","x","27","01","2018","13:00:00/17:00:00","2018-01-27","27.I.2018","necropsia","Cerrado","nenhuma","nenhuma","América do Sul","Brasil","BRA","x","Mato Grosso do Sul","Alcinópolis","x","Parque Estadual das Nascentes do Rio Taquari","18°09'54.5""S","53°24'56.9""W","-18.165139","-53.415806","nulo","WGS84","x","nulo ","nulo","nenhum","nulo","nulo","nenhuma","animal inteiro (ETOH 70%)",1,"x","não informado","jovem","indeterminado","selvagem","parasitando","nenhuma","em tombamento","x","x","x","Laboratório de Parasitologia Animal; Doutorado Isabela Caroline Oliveira da Silva","nenhuma","NCBI, 2021","br:UFMS:ZUFMS:ZUFMS-PLA00063","x"
"2021-07-15","nenhuma","PreservedSpecimen","UFMS","ZUFMS","ZUFMS-PLA00064","organizar","PLAO","nenhum","nenhum","nenhum","Diplostomum sp. Nordmann, 1832","Diplostomum","Nordmann, 1832","Animalia","Platyhelminthes","Trematoda","Diplostomida","Diplostomoidea","Diplostomidae","Diplostominae","Diplostomum","x","x","x","gênero","aceito","x","x","ICZN","sp.","SILVA, I. C. O.","2020-09-23","voucher","SILVA, I. C. O.","097","x","27","01","2018","13:00:00/17:00:00","2018-01-27","27.I.2018","necropsia","Cerrado","nenhuma","nenhuma","América do Sul","Brasil","BRA","x","Mato Grosso do Sul","Alcinópolis","x","Parque Estadual das Nascentes do Rio Taquari","18°09'54.5""S","53°24'56.9""W","-18.165139","-53.415806","nulo","WGS84","x","nulo ","nulo","nenhum","nulo","nulo","nenhuma","animal inteiro (ETOH 70%)",1,"x","não informado","jovem","indeterminado","selvagem","parasitando","nenhuma","em tombamento","x","x","x","Laboratório de Parasitologia Animal; Doutorado Isabela Caroline Oliveira da Silva","nenhuma","NCBI, 2021","br:UFMS:ZUFMS:ZUFMS-PLA00064","x"
"2021-07-15","nenhuma","PreservedSpecimen","UFMS","ZUFMS","ZUFMS-PLA00065","organizar","individual","nenhum","nenhum","nenhum","Mesocoelium monas (Rudolphi, 1819) Freitas, 1958","Mesocoelium monas","(Rudolphi, 1819) Freitas, 1958","Animalia","Platyhelminthes","Trematoda","Plagiorchiida","Gorgoderoidea","Mesocoeliidae","Brachycoeliinae","Mesocoelium","x","monas","x","espécie","aceito","x","x","ICZN","x","SILVA, I. C. O.","2020-09-23","voucher","SILVA, I. C. O.","104","x","28","01","2018","13:00:00/17:00:00","2018-01-28","28.I.2018","necropsia","Cerrado","nenhuma","nenhuma","América do Sul","Brasil","BRA","x","Mato Grosso do Sul","Alcinópolis","x","Parque Estadual das Nascentes do Rio Taquari","18°09'54.5""S","53°24'56.9""W","-18.165139","-53.415806","nulo","WGS84","x","nulo ","nulo","nenhum","nulo","nulo","nenhuma","animal inteiro (ETOH 70%)",1,"hermafrodita","não informado","adulto","com ovos","selvagem","parasitando","nenhuma","em tombamento","x","x","x","Laboratório de Parasitologia Animal; Doutorado Isabela Caroline Oliveira da Silva","nenhuma","NCBI, 2021","br:UFMS:ZUFMS:ZUFMS-PLA00065","x"
"2021-07-15","nenhuma","PreservedSpecimen","UFMS","ZUFMS","ZUFMS-PLA00066","organizar","PLAO","nenhum","nenhum","nenhum","Lophosicyadiplostomum aff. nephrocystis (Lutz, 1928) Dubois, 1937","Lophosicyadiplostomum nephrocystis","(Lutz, 1928), Dubois, 1937","Animalia","Platyhelminthes","Trematoda","Diplostomida","Diplostomoidea","Diplostomidae","Diplostominae","Lophosicyadiplostomum","x","nephrocystis","x","espécie","aceito","x","x","ICZN","aff.","SILVA, I. C. O.","2020-09-23","voucher","SILVA, I. C. O.","154a","x","30","01","2018","13:00:00/17:00:00","2018-01-30","30.I.2018","necropsia","Cerrado","nenhuma","nenhuma","América do Sul","Brasil","BRA","x","Mato Grosso do Sul","Alcinópolis","x","Parque Estadual das Nascentes do Rio Taquari","18°09'54.5""S","53°24'56.9""W","-18.165139","-53.415806","nulo","WGS84","x","nulo ","nulo","nenhum","nulo","nulo","nenhuma","animal inteiro (ETOH 70%)",1,"x","não informado","jovem","indeterminado","selvagem","parasitando","nenhuma","em tombamento","x","x","x","Laboratório de Parasitologia Animal; Doutorado Isabela Caroline Oliveira da Silva","nenhuma","NCBI, 2021","br:UFMS:ZUFMS:ZUFMS-PLA00066","x"
"2021-07-15","nenhuma","PreservedSpecimen","UFMS","ZUFMS","ZUFMS-PLA00067","organizar","individual","nenhum","nenhum","nenhum","Renifer heterocoelium Travassos, 1921","Renifer heterocoelium","Travassos, 1921","Animalia","Platyhelminthes","Trematoda","Plagiorchiida","Plagiorchioidea","Reniferidae","Reniferinae","Renifer","x","heterocoelium","x","espécie","aceito","x","x","ICZN","x","SILVA, I. C. O.","2020-09-23","voucher","SILVA, I. C. O.","186","x","02","02","2018","13:00:00/17:00:00","2018-02-02","02.II.2018","necropsia","Cerrado","nenhuma","nenhuma","América do Sul","Brasil","BRA","x","Mato Grosso do Sul","Alcinópolis","x","Parque Estadual das Nascentes do Rio Taquari","18°09'54.5""S","53°24'56.9""W","-18.165139","-53.415806","nulo","WGS84","x","nulo ","nulo","nenhum","nulo","nulo","nenhuma","animal inteiro (ETOH 70%)",1,"hermafrodita","não informado","adulto","com ovos","selvagem","parasitando","nenhuma","em tombamento","x","x","x","Laboratório de Parasitologia Animal; Doutorado Isabela Caroline Oliveira da Silva","nenhuma","NCBI, 2021","br:UFMS:ZUFMS:ZUFMS-PLA00067","x"
"2021-07-15","nenhuma","PreservedSpecimen","UFMS","ZUFMS","ZUFMS-PLA00068","organizar","PLAN","nenhum","nenhum","nenhum","Proteocephalidae La Rue, 1911","Proteocephalidae","La Rue, 1911","Animalia","Platyhelminthes","Cestoda","Proteocephalidea","Proteocephaloidea","Proteocephalidae","x","x","x","x","x","família","aceito","x","x","ICZN","x","SILVA, I. C. O.","2020-09-23","voucher","SILVA, I. C. O.","193","x","24","09","2018","13:00:00/17:00:00","2018-09-24","24.IX.2018","necropsia","Cerrado","nenhuma","nenhuma","América do Sul","Brasil","BRA","x","Mato Grosso do Sul","Alcinópolis","x","Parque Estadual das Nascentes do Rio Taquari","18°09'54.5""S","53°24'56.9""W","-18.165139","-53.415806","nulo","WGS84","x","nulo ","nulo","nenhum","nulo","nulo","nenhuma","animal inteiro (ETOH 70%)",1,"x","não informado","jovem","indeterminado","selvagem","parasitando","nenhuma","em tombamento","x","x","x","Laboratório de Parasitologia Animal; Doutorado Isabela Caroline Oliveira da Silva","nenhuma","NCBI, 2021","br:UFMS:ZUFMS:ZUFMS-PLA00068","x"
"2021-07-15","nenhuma","PreservedSpecimen","UFMS","ZUFMS","ZUFMS-PLA00069","organizar","individual","nenhum","nenhum","nenhum","Brachycoelium sp. Stiles & Hassall, 1898","Brachycoelium","Stiles & Hassall, 1898","Animalia","Platyhelminthes","Trematoda","Plagiorchiida","Plagiorchioidea","Brachycoeliidae","Brachycoeliinae","Brachycoelium","x","x","x","gênero","aceito","x","x","ICZN","sp.","SILVA, I. C. O.","2020-09-23","voucher","SILVA, I. C. O.","211","x","29","01","2019","13:00:00/17:00:00","2019-01-29","29.I.2019","necropsia","Cerrado","nenhuma","nenhuma","América do Sul","Brasil","BRA","x","Mato Grosso do Sul","Alcinópolis","x","Parque Estadual das Nascentes do Rio Taquari","18°09'54.5""S","53°24'56.9""W","-18.165139","-53.415806","nulo","WGS84","x","nulo ","nulo","nenhum","nulo","nulo","nenhuma","animal inteiro (ETOH 70%)",1,"x","não informado","jovem","indeterminado","selvagem","parasitando","nenhuma","em tombamento","x","x","x","Laboratório de Parasitologia Animal; Doutorado Isabela Caroline Oliveira da Silva","nenhuma","NCBI, 2021","br:UFMS:ZUFMS:ZUFMS-PLA00069","x"
"2021-07-15","nenhuma","PreservedSpecimen","UFMS","ZUFMS","ZUFMS-PLA00070","organizar","individual","nenhum","nenhum","nenhum","Infidum similis Travassos, 1916","Infidum similis","Travassos, 1916","Animalia","Platyhelminthes","Trematoda","Plagiorchiida","Gorgoderoidea","Dicrocoeliidae","Infidinae","Infidum","x","similis","x","espécie","aceito","x","x","ICZN","x","SILVA, I. C. O.","2020-09-23","voucher","SILVA, I. C. O.","219","x","30","01","2019","13:00:00/17:00:00","2019-01-30","30.I.2019","necropsia","Cerrado","nenhuma","nenhuma","América do Sul","Brasil","BRA","x","Mato Grosso do Sul","Alcinópolis","x","Parque Estadual das Nascentes do Rio Taquari","18°09'54.5""S","53°24'56.9""W","-18.165139","-53.415806","nulo","WGS84","x","nulo ","nulo","nenhum","nulo","nulo","nenhuma","animal inteiro (ETOH 70%)",1,"hermafrodita","não informado","adulto","com ovos","selvagem","parasitando","nenhuma","em tombamento","x","x","x","Laboratório de Parasitologia Animal; Doutorado Isabela Caroline Oliveira da Silva","nenhuma","NCBI, 2021","br:UFMS:ZUFMS:ZUFMS-PLA00070","x"
"2021-07-15","nenhuma","PreservedSpecimen","UFMS","ZUFMS","ZUFMS-PLA00071","organizar","individual","nenhum","nenhum","nenhum","Spirometra sp. Faust, Campbell & Kellogg, 1929","Spirometra","Faust, Campbell & Kellogg, 1929","Animalia","Platyhelminthes","Cestoda","Diphyllobothriidea","Diphyllobothrioidea","Diphyllobothriidae","Diphyllobothriinae","Spirometra","x","x","x","gênero","aceito","x","x","ICZN","sp.","SILVA, I. C. O.","2020-09-23","voucher","SILVA, I. C. O.","223","x","31","01","2019","13:00:00/17:00:00","2019-01-31","31.I.2019","necropsia","Cerrado","nenhuma","nenhuma","América do Sul","Brasil","BRA","x","Mato Grosso do Sul","Alcinópolis","x","Parque Estadual das Nascentes do Rio Taquari","18°09'54.5""S","53°24'56.9""W","-18.165139","-53.415806","nulo","WGS84","x","nulo ","nulo","nenhum","nulo","nulo","nenhuma","animal inteiro (ETOH 70%)",1,"x","não informado","jovem","indeterminado","selvagem","parasitando","nenhuma","em tombamento","x","x","x","Laboratório de Parasitologia Animal; Doutorado Isabela Caroline Oliveira da Silva","nenhuma","NCBI, 2021","br:UFMS:ZUFMS:ZUFMS-PLA00071","x"
